{
    "action": "findvideos",
    "category": "Pelitorrent",
    "channel": "pelitorrent",
    "context": [
        {
            "action": "config_item",
            "channel": "filtertools",
            "list_language": [
                "VOSE",
                "VOS",
                "CAST",
                "VO",
                "LAT"
            ],
            "list_quality": [
                "HDTV-720p",
                "HDTV",
                "WEB-DL 1080p",
                "4KWebRip"
            ],
            "title": "FILTRO: Configurar"
        }
    ],
    "emergency_urls": [
        [
            ""
        ],
        [
            {
                "action": "play",
                "channel": "pelitorrent",
                "language": "*Espa\u00f1ol",
                "password": "",
                "quality": "*HDTV-1080p",
                "server": "torrent",
                "size": "",
                "title": "torrent",
                "torrent_info": "",
                "url": ""
            }
        ],
        [
            ""
        ],
        [
            "#*HDTV-1080p#"
        ]
    ],
    "fanart": "https://image.tmdb.org/t/p/original/wQEW3xLrQAThu1GvqpsKQyejrYS.jpg",
    "infoLabels": {
        "IMDBNumber": "tt11126994",
        "aired": "06/11/2021",
        "castandrole": [
            [
                "Bill Lobley",
                "Huck (voice)"
            ],
            [
                "Brett Tucker",
                "Singed (voice)"
            ],
            [
                "Dave B. Mitchell",
                "Verne (voice)"
            ],
            [
                "Ella Purnell",
                "Jinx (voice)"
            ],
            [
                "Fred Tatasciore",
                "Benzo (voice)"
            ],
            [
                "Hailee Steinfeld",
                "Vi (voice)"
            ],
            [
                "JB Blanc",
                "Vander (voice)"
            ],
            [
                "Jason Spisak",
                "Silco (voice)"
            ],
            [
                "Josh Keaton",
                "Deckard (voice)"
            ],
            [
                "Kevin Alejandro",
                "Jayce (voice)"
            ],
            [
                "Mara Junot",
                "Jules (voice)"
            ],
            [
                "Mia Sinclair Jenness",
                "Powder (voice)"
            ],
            [
                "Miles Brown",
                "Young Ekko (voice)"
            ],
            [
                "Remy Hii",
                "Marcus (voice)"
            ],
            [
                "Roger Craig Smith",
                "Claggor (voice)"
            ],
            [
                "Shohreh Aghdashloo",
                "Grayson (voice)"
            ],
            [
                "Yuri Lowenthal",
                "Mylo /  Thug #1 (voice)"
            ]
        ],
        "country": "EEUU, Francia, US",
        "director": "Arnaud Delord, Pascal Charrue",
        "episode": 1,
        "episodio_air_date": "06/11/2021",
        "episodio_imagen": "https://image.tmdb.org/t/p/original/g7dMkFJvJECDYoL0TRzGQCfF3xD.jpg",
        "episodio_sinopsis": "Las hermanas hu\u00e9rfanas Vi y Powder propagan el caos por las calles subterr\u00e1neas de Zaun despu\u00e9s de dar un golpe en la acomodada Piltover.",
        "episodio_titulo": "Bienvenidos al terreno de juego",
        "episodio_vote_average": 8.575,
        "episodio_vote_count": 87,
        "fanart": "https://image.tmdb.org/t/p/original/wQEW3xLrQAThu1GvqpsKQyejrYS.jpg",
        "genre": "Animaci\u00f3n, Sci-Fi & Fantasy, Action & Adventure, Misterio",
        "homepage": "https://arcane.com",
        "imdb_id": "tt11126994",
        "in_production": true,
        "last_air_date": "2021-11-20",
        "last_episode_to_air": 9,
        "last_series_episode_to_air": "1x9",
        "mediatype": "episode",
        "next_episode_air_date": "09/11/2024",
        "number_of_episodes": 18,
        "number_of_seasons": 2,
        "original_language": "en",
        "originaltitle": "Arcane",
        "playcount": 0,
        "plot": "Las hermanas hu\u00e9rfanas Vi y Powder propagan el caos por las calles subterr\u00e1neas de Zaun despu\u00e9s de dar un golpe en la acomodada Piltover.",
        "popularity": 165.066,
        "poster_path": "https://image.tmdb.org/t/p/original/g7dMkFJvJECDYoL0TRzGQCfF3xD.jpg",
        "premiered": "06/11/2021",
        "quality": "HDTV",
        "rating": 8.575,
        "season": 1,
        "status": "Returning Series",
        "studio": "Netflix",
        "temporada_air_date": "06/11/2021",
        "temporada_nombre": "Temporada 1",
        "temporada_num_episodios": 9,
        "temporada_poster": "https://image.tmdb.org/t/p/original/mOUV08EAZ86mXvN8fNUowYAnmLy.jpg",
        "thumbnail": "https://image.tmdb.org/t/p/original/k3Oxvi854EyErD250yJLjnupGqB.jpg",
        "title": "Bienvenidos al terreno de juego",
        "title_from_channel": "arcane",
        "tmdb_id": "94605",
        "tvdb_id": "371028",
        "tvshowtitle": "Arcane",
        "type": "Scripted",
        "url_scraper": [
            "https://www.themoviedb.org/tv/94605",
            "https://thetvdb.com/index.php?tab=series&id=371028"
        ],
        "votes": 87,
        "writer": "Alex Yee, Ben St. John, Christian Linke, David Dunne, Mollie Bickley St. John, Nick Luddington",
        "year": 2021
    },
    "language": [
        "CAST"
    ],
    "season_search": "Arcane",
    "thumbnail": "https://image.tmdb.org/t/p/original/g7dMkFJvJECDYoL0TRzGQCfF3xD.jpg",
    "title": "1x1 - arcane",
    "url": "https://www.pelitorrent.com/episodio/arcane-1x1/",
    "url_tvshow": "https://www.pelitorrent.com/series/arcane/"
}