[
    {
        "icon": "special://skin/extras/icons/settings.png",
        "label": "$LOCALIZE[5]",
        "path": "ActivateWindow(settings)",
        "target": "",
        "guid": "guid-8128b201"
    },
    {
        "icon": "special://skin/extras/icons/update.png",
        "label": "$LOCALIZE[31364]",
        "path": "ReloadSkin()",
        "target": "",
        "guid": "guid-0c7c473c"
    },
    {
        "icon": "special://skin/extras/icons/power.png",
        "label": "$LOCALIZE[13009]",
        "path": "Quit()",
        "target": "",
        "guid": "guid-a67bcc68"
    }
]