[
    {
        "icon": "special://skin/extras/icons/favourites2.png",
        "label": "$LOCALIZE[1036]",
        "path": "ActivateWindow(1160)",
        "target": "",
        "guid": "guid-7afa5e59"
    },
    {
        "icon": "special://skin/extras/icons/filebox.png",
        "label": "$LOCALIZE[7]",
        "path": "ActivateWindow(filemanager)",
        "target": "",
        "guid": "guid-233ef649"
    },
    {
        "icon": "special://skin/extras/icons/address-card.png",
        "label": "$LOCALIZE[31359]",
        "path": "ActivateWindow(1195)",
        "target": "",
        "guid": "guid-7832e9b5"
    }
]