{
    "AUTOPLAY": {
        "AUTOPLAY": {},
        "allpeliculas": {
            "quality": [
                "default"
            ],
            "servers": [
                "streampe",
                "fembed",
                "jawcloud"
            ],
            "settings": {
                "active": false,
                "custom_quality": false,
                "custom_servers": false,
                "plan_b": true,
                "priority": 0,
                "quality_1": 0,
                "quality_2": 0,
                "quality_3": 0,
                "server_1": 0,
                "server_2": 1,
                "server_3": 2
            }
        },
        "animeflv": {
            "quality": [
                "default"
            ],
            "servers": [
                "directo",
                "rapidvideo",
                "streamango",
                "yourupload",
                "mailru",
                "netutv",
                "okru"
            ],
            "settings": {
                "active": false,
                "custom_quality": false,
                "custom_servers": false,
                "plan_b": true,
                "priority": 0,
                "quality_1": 0,
                "quality_2": 0,
                "quality_3": 0,
                "server_1": 0,
                "server_2": 1,
                "server_3": 2
            }
        },
        "cinecalidad": {
            "quality": [
                "BluRay",
                "1080p",
                "HD",
                "Rip",
                "MicroHD",
                "720p",
                "2160p",
                "4K",
                "3D",
                "RHDTV",
                "DVDSCR",
                "DVDR",
                "CAM",
                "Screener",
                "TS",
                "no filtrar",
                "default"
            ],
            "servers": [
                "streamtape",
                "doodstream",
                "okru",
                "streamsb",
                "streamlare",
                "wolfstream",
                "voe",
                "mega",
                "torrent"
            ],
            "settings": {
                "active": false,
                "custom_quality": false,
                "custom_servers": false,
                "plan_b": true,
                "priority": 0,
                "quality_1": 0,
                "quality_2": 1,
                "quality_3": 2,
                "server_1": 0,
                "server_2": 1,
                "server_3": 2
            }
        },
        "dontorrent": {
            "quality": [
                "BluRay",
                "1080p",
                "HD",
                "Rip",
                "MicroHD",
                "720p",
                "2160p",
                "4K",
                "3D",
                "RHDTV",
                "DVDSCR",
                "DVDR",
                "CAM",
                "Screener",
                "TS",
                "HDTV-720p",
                "HDTV",
                "WEB-DL 1080p",
                "4KWebRip",
                "default"
            ],
            "servers": [
                "torrent"
            ],
            "settings": {
                "active": false,
                "custom_quality": false,
                "custom_servers": false,
                "plan_b": true,
                "priority": 0,
                "quality_1": 0,
                "quality_2": 1,
                "quality_3": 2,
                "server_1": 0,
                "server_2": 0,
                "server_3": 0
            }
        },
        "doramasqueen": {
            "quality": [
                "BluRay",
                "1080p",
                "HD",
                "Rip",
                "MicroHD",
                "720p",
                "2160p",
                "4K",
                "3D",
                "RHDTV",
                "DVDSCR",
                "DVDR",
                "CAM",
                "Screener",
                "TS",
                "HDTV-720p",
                "HDTV",
                "WEB-DL 1080p",
                "4KWebRip",
                "default"
            ],
            "servers": [
                "streamtape",
                "doodstream",
                "okru",
                "streamsb",
                "streamlare",
                "wolfstream",
                "voe",
                "mega",
                "torrent"
            ],
            "settings": {
                "active": false,
                "custom_quality": false,
                "custom_servers": false,
                "plan_b": true,
                "priority": 0,
                "quality_1": 0,
                "quality_2": 1,
                "quality_3": 2,
                "server_1": 0,
                "server_2": 1,
                "server_3": 2
            }
        },
        "doramasyt": {
            "quality": [
                "default"
            ],
            "servers": [
                "okru",
                "streamtape",
                "fembed",
                "uqload",
                "videobin"
            ],
            "settings": {
                "active": false,
                "custom_quality": false,
                "custom_servers": false,
                "plan_b": true,
                "priority": 0,
                "quality_1": 0,
                "quality_2": 0,
                "quality_3": 0,
                "server_1": 0,
                "server_2": 1,
                "server_3": 2
            }
        },
        "filmoves": {
            "quality": [
                "BluRay",
                "1080p",
                "HD",
                "Rip",
                "MicroHD",
                "720p",
                "2160p",
                "4K",
                "3D",
                "RHDTV",
                "DVDSCR",
                "DVDR",
                "CAM",
                "Screener",
                "TS",
                "no filtrar",
                "HDTV-720p",
                "HDTV",
                "WEB-DL 1080p",
                "4KWebRip",
                "no filtrar",
                "default"
            ],
            "servers": [
                "streamtape",
                "doodstream",
                "okru",
                "streamsb",
                "streamlare",
                "wolfstream",
                "voe",
                "mega",
                "torrent"
            ],
            "settings": {
                "active": false,
                "custom_quality": false,
                "custom_servers": false,
                "plan_b": true,
                "priority": 0,
                "quality_1": 0,
                "quality_2": 1,
                "quality_3": 2,
                "server_1": 0,
                "server_2": 1,
                "server_3": 2
            }
        },
        "hacktorrent": {
            "quality": [
                "BluRay",
                "1080p",
                "HD",
                "Rip",
                "MicroHD",
                "720p",
                "2160p",
                "4K",
                "3D",
                "RHDTV",
                "DVDSCR",
                "DVDR",
                "CAM",
                "Screener",
                "TS",
                "no filtrar",
                "HDTV-720p",
                "HDTV",
                "WEB-DL 1080p",
                "4KWebRip",
                "no filtrar",
                "default",
                "WEB DL 1080p",
                "DVDRip",
                "WEB DL 4k HDR"
            ],
            "servers": [
                "torrent"
            ],
            "settings": {
                "active": false,
                "custom_quality": false,
                "custom_servers": false,
                "plan_b": true,
                "priority": 0,
                "quality_1": 0,
                "quality_2": 1,
                "quality_3": 2,
                "server_1": 0,
                "server_2": 0,
                "server_3": 0
            }
        },
        "hdfulls": {
            "quality": [
                "BluRay",
                "1080p",
                "HD",
                "Rip",
                "MicroHD",
                "720p",
                "2160p",
                "4K",
                "3D",
                "RHDTV",
                "DVDSCR",
                "DVDR",
                "CAM",
                "Screener",
                "TS",
                "no filtrar",
                "HDTV-720p",
                "HDTV",
                "WEB-DL 1080p",
                "4KWebRip",
                "no filtrar",
                "default"
            ],
            "servers": [
                "streamtape",
                "doodstream",
                "okru",
                "streamsb",
                "streamlare",
                "wolfstream",
                "voe",
                "mega",
                "torrent"
            ],
            "settings": {
                "active": false,
                "custom_quality": false,
                "custom_servers": false,
                "plan_b": true,
                "priority": 0,
                "quality_1": 0,
                "quality_2": 1,
                "quality_3": 2,
                "server_1": 0,
                "server_2": 1,
                "server_3": 2
            }
        },
        "henaojara": {
            "quality": [
                "BluRay",
                "1080p",
                "HD",
                "Rip",
                "MicroHD",
                "720p",
                "2160p",
                "4K",
                "3D",
                "RHDTV",
                "DVDSCR",
                "DVDR",
                "CAM",
                "Screener",
                "TS",
                "no filtrar",
                "HDTV-720p",
                "HDTV",
                "WEB-DL 1080p",
                "4KWebRip",
                "no filtrar",
                "default"
            ],
            "servers": [
                "uqload",
                "voe",
                "streamtape",
                "doodstream",
                "okru",
                "streamlare",
                "wolfstream",
                "mega"
            ],
            "settings": {
                "active": false,
                "custom_quality": false,
                "custom_servers": false,
                "plan_b": true,
                "priority": 0,
                "quality_1": 0,
                "quality_2": 1,
                "quality_3": 2,
                "server_1": 0,
                "server_2": 1,
                "server_3": 2
            }
        },
        "latanime": {
            "quality": [
                "BluRay",
                "1080p",
                "HD",
                "Rip",
                "MicroHD",
                "720p",
                "2160p",
                "4K",
                "3D",
                "RHDTV",
                "DVDSCR",
                "DVDR",
                "CAM",
                "Screener",
                "TS",
                "no filtrar",
                "HDTV-720p",
                "HDTV",
                "WEB-DL 1080p",
                "4KWebRip",
                "no filtrar",
                "default"
            ],
            "servers": [
                "uqload",
                "voe",
                "streamtape",
                "doodstream",
                "okru",
                "streamlare",
                "wolfstream",
                "mega"
            ],
            "settings": {
                "active": false,
                "custom_quality": false,
                "custom_servers": false,
                "plan_b": true,
                "priority": 0,
                "quality_1": 0,
                "quality_2": 1,
                "quality_3": 2,
                "server_1": 0,
                "server_2": 1,
                "server_3": 2
            }
        },
        "pelismaraton": {
            "quality": [
                "default"
            ],
            "servers": [
                "fembed",
                "streampe",
                "evoload",
                "uqload",
                "upstream"
            ],
            "settings": {
                "active": false,
                "custom_quality": false,
                "custom_servers": false,
                "plan_b": true,
                "priority": 0,
                "quality_1": 0,
                "quality_2": 0,
                "quality_3": 0,
                "server_1": 0,
                "server_2": 1,
                "server_3": 2
            }
        },
        "pelisxd": {
            "quality": [
                "BluRay",
                "1080p",
                "HD",
                "Rip",
                "MicroHD",
                "720p",
                "2160p",
                "4K",
                "3D",
                "RHDTV",
                "DVDSCR",
                "DVDR",
                "CAM",
                "Screener",
                "TS",
                "no filtrar",
                "HDTV-720p",
                "HDTV",
                "WEB-DL 1080p",
                "4KWebRip",
                "no filtrar",
                "default"
            ],
            "servers": [
                "streamtape",
                "doodstream",
                "okru",
                "streamsb",
                "streamlare",
                "wolfstream",
                "voe",
                "mega",
                "torrent"
            ],
            "settings": {
                "active": false,
                "custom_quality": false,
                "custom_servers": false,
                "plan_b": true,
                "priority": 0,
                "quality_1": 0,
                "quality_2": 1,
                "quality_3": 2,
                "server_1": 0,
                "server_2": 1,
                "server_3": 2
            }
        },
        "pelitorrent": {
            "quality": [
                "BluRay",
                "1080p",
                "HD",
                "Rip",
                "MicroHD",
                "720p",
                "2160p",
                "4K",
                "3D",
                "RHDTV",
                "DVDSCR",
                "DVDR",
                "CAM",
                "Screener",
                "TS",
                "no filtrar",
                "HDTV-720p",
                "HDTV",
                "WEB-DL 1080p",
                "4KWebRip",
                "no filtrar",
                "default"
            ],
            "servers": [
                "torrent"
            ],
            "settings": {
                "active": false,
                "custom_quality": false,
                "custom_servers": false,
                "plan_b": true,
                "priority": 0,
                "quality_1": 0,
                "quality_2": 1,
                "quality_3": 2,
                "server_1": 0,
                "server_2": 0,
                "server_3": 0
            }
        },
        "poseidonhd": {
            "quality": [
                "BluRay",
                "1080p",
                "HD",
                "Rip",
                "MicroHD",
                "720p",
                "2160p",
                "4K",
                "3D",
                "RHDTV",
                "DVDSCR",
                "DVDR",
                "CAM",
                "Screener",
                "TS",
                "no filtrar",
                "HDTV-720p",
                "HDTV",
                "WEB-DL 1080p",
                "4KWebRip",
                "no filtrar",
                "default"
            ],
            "servers": [
                "streamtape",
                "doodstream",
                "okru",
                "streamsb",
                "streamlare",
                "wolfstream",
                "voe",
                "mega",
                "torrent",
                "streamwish",
                "vidhide"
            ],
            "settings": {
                "active": false,
                "custom_quality": false,
                "custom_servers": false,
                "plan_b": true,
                "priority": 0,
                "quality_1": 0,
                "quality_2": 1,
                "quality_3": 2,
                "server_1": 0,
                "server_2": 1,
                "server_3": 2
            }
        },
        "serieslan": {
            "quality": [
                "HDTV-720p",
                "HDTV",
                "WEB-DL 1080p",
                "4KWebRip",
                "no filtrar",
                "default"
            ],
            "servers": [
                "streamtape",
                "doodstream",
                "okru",
                "streamsb",
                "streamlare",
                "wolfstream",
                "voe",
                "mega",
                "torrent"
            ],
            "settings": {
                "active": false,
                "custom_quality": false,
                "custom_servers": false,
                "plan_b": true,
                "priority": 0,
                "quality_1": 0,
                "quality_2": 1,
                "quality_3": 2,
                "server_1": 0,
                "server_2": 1,
                "server_3": 2
            }
        },
        "tiodonghua": {
            "quality": [
                "BluRay",
                "1080p",
                "HD",
                "Rip",
                "MicroHD",
                "720p",
                "2160p",
                "4K",
                "3D",
                "RHDTV",
                "DVDSCR",
                "DVDR",
                "CAM",
                "Screener",
                "TS",
                "no filtrar",
                "HDTV-720p",
                "HDTV",
                "WEB-DL 1080p",
                "4KWebRip",
                "no filtrar",
                "default"
            ],
            "servers": [
                "uqload",
                "voe",
                "streamtape",
                "doodstream",
                "okru",
                "streamlare",
                "wolfstream",
                "mega"
            ],
            "settings": {
                "active": false,
                "custom_quality": false,
                "custom_servers": false,
                "plan_b": true,
                "priority": 0,
                "quality_1": 0,
                "quality_2": 1,
                "quality_3": 2,
                "server_1": 0,
                "server_2": 1,
                "server_3": 2
            }
        },
        "tvanime": {
            "quality": [
                "default"
            ],
            "servers": [
                "directo",
                "fembed",
                "streamtape",
                "uqload",
                "okru",
                "streamsb"
            ],
            "settings": {
                "active": false,
                "custom_quality": false,
                "custom_servers": false,
                "plan_b": true,
                "priority": 0,
                "quality_1": 0,
                "quality_2": 0,
                "quality_3": 0,
                "server_1": 0,
                "server_2": 1,
                "server_3": 2
            }
        },
        "veranime": {
            "quality": [
                "BluRay",
                "1080p",
                "HD",
                "Rip",
                "MicroHD",
                "720p",
                "2160p",
                "4K",
                "3D",
                "RHDTV",
                "DVDSCR",
                "DVDR",
                "CAM",
                "Screener",
                "TS",
                "no filtrar",
                "HDTV-720p",
                "HDTV",
                "WEB-DL 1080p",
                "4KWebRip",
                "no filtrar",
                "default"
            ],
            "servers": [
                "streamtape",
                "doodstream",
                "okru",
                "streamsb",
                "streamlare",
                "wolfstream",
                "voe",
                "mega",
                "torrent"
            ],
            "settings": {
                "active": false,
                "custom_quality": false,
                "custom_servers": false,
                "plan_b": true,
                "priority": 0,
                "quality_1": 0,
                "quality_2": 1,
                "quality_3": 2,
                "server_1": 0,
                "server_2": 1,
                "server_3": 2
            }
        },
        "veranimeassistant": {
            "quality": [
                "HD",
                "default"
            ],
            "servers": [
                "uqload",
                "streamwish",
                "voe",
                "tiwikiwi",
                "mixdrop",
                "mp4upload",
                "gameovideo",
                "streamtape",
                "doodstream",
                "streamlare"
            ],
            "settings": {
                "active": false,
                "custom_quality": false,
                "custom_servers": false,
                "plan_b": true,
                "priority": 0,
                "quality_1": 0,
                "quality_2": 1,
                "quality_3": 0,
                "server_1": 0,
                "server_2": 1,
                "server_3": 2
            }
        },
        "veronline": {
            "quality": [
                "BluRay",
                "1080p",
                "HD",
                "Rip",
                "MicroHD",
                "720p",
                "2160p",
                "4K",
                "3D",
                "RHDTV",
                "DVDSCR",
                "DVDR",
                "CAM",
                "Screener",
                "TS",
                "no filtrar",
                "HDTV-720p",
                "HDTV",
                "WEB-DL 1080p",
                "4KWebRip",
                "no filtrar",
                "default"
            ],
            "servers": [
                "uqload",
                "voe",
                "streamtape",
                "doodstream",
                "okru",
                "streamlare",
                "wolfstream",
                "mega"
            ],
            "settings": {
                "active": false,
                "custom_quality": false,
                "custom_servers": false,
                "plan_b": true,
                "priority": 0,
                "quality_1": 0,
                "quality_2": 1,
                "quality_3": 2,
                "server_1": 0,
                "server_2": 1,
                "server_3": 2
            }
        },
        "zonaleros": {
            "quality": [
                "default"
            ],
            "servers": [
                "gvideo",
                "fembed"
            ],
            "settings": {
                "active": false,
                "custom_quality": false,
                "custom_servers": false,
                "plan_b": true,
                "priority": 0,
                "quality_1": 0,
                "quality_2": 0,
                "quality_3": 0,
                "server_1": 0,
                "server_2": 1,
                "server_3": 0
            }
        }
    }
}