{
    "settings": {
        "auto_download_new": false,
        "auto_download_new_all": false,
        "current_host": "https://dontorrent.fashion/",
        "emergency_urls": 1,
        "emergency_urls_torrents": true,
        "external_cookies": "",
        "filter_languages": 0,
        "find_alt_link_option": true,
        "find_alt_search": true,
        "include_in_global_search": true,
        "include_in_newest_peliculas": true,
        "include_in_newest_series": true,
        "modo_grafico": true,
        "modo_grafico_lang": 0,
        "pseudo_titulos": true,
        "season_colapse": true,
        "seleccionar_ult_temporadda_activa": true,
        "timeout_downloadpage": 10
    }
}