[
    {
        "label": "Videos",
        "path": "library://video/",
        "icon": "special://skin/extras/icons/video.png",
        "target": "videos",
        "sidemenu_guid": "guid-19ada9cd",
        "guid": "guid-01dcc5fb",
        "submenulist_label": "Videos",
        "submenulist_path": "library://video/",
        "submenulist_icon": "special://skin/extras/icons/video.png",
        "submenulist_target": "videos",
        "widgets": [
            {
                "label": "New Movies",
                "icon": "special://skin/extras/icons/list-ol.png",
                "path": "special://skin/extras/playlists/NewMovies.xsp",
                "target": "videos",
                "widget_style": "Landscape",
                "guid": "guid-39bb958b"
            },
            {
                "label": "New Tv Shows",
                "path": "special://skin/extras/playlists/NewShows.xsp",
                "icon": "DefaultRecentlyAddedMovies.png",
                "target": "videos",
                "widget_style": "Landscape",
                "guid": "guid-1cb1c077"
            },
            {
                "label": "Recent Movies",
                "path": "special://skin/extras/playlists/RecentMovies.xsp",
                "icon": "special://skin/extras/icons/list-ol.png",
                "target": "videos",
                "widget_style": "Landscape",
                "guid": "guid-250340a9"
            },
            {
                "label": "Recent Tv Shows",
                "path": "special://skin/extras/playlists/RecentTvShows.xsp",
                "icon": "DefaultMusicRecentlyPlayed.png",
                "target": "videos",
                "widget_style": "Landscape",
                "guid": "guid-794d024a"
            },
            {
                "label": "In-Progress Tv Shows",
                "path": "library://video/tvshows/inprogressshows.xml",
                "icon": "special://skin/extras/icons/timer.png",
                "target": "videos",
                "widget_style": "Landscape",
                "guid": "guid-f5347427"
            },
            {
                "label": "Random Movies",
                "path": "special://skin/extras/playlists/RandomMovies.xsp",
                "icon": "special://skin/extras/icons/list-ol.png",
                "target": "videos",
                "widget_style": "Landscape",
                "guid": "guid-767c6547"
            }
        ]
    },
    {
        "label": "Add-ons",
        "path": "ActivateWindow(1132)",
        "icon": "special://skin/extras/icons/addon.png",
        "target": "",
        "sidemenu_guid": "guid-19ada9cd",
        "guid": "guid-82cc4511",
        "submenu": [
            {
                "label": "Video Add-ons",
                "icon": "special://skin/extras/icons/addon.png",
                "path": "addons://sources/video/",
                "target": "videos",
                "guid": "guid-e760de3e"
            },
            {
                "label": "Music Add-ons",
                "path": "addons://sources/audio/",
                "icon": "special://skin/extras/icons/addon.png",
                "target": "music",
                "guid": "guid-48bdd217"
            },
            {
                "label": "Image Add-ons",
                "path": "addons://sources/image/",
                "icon": "special://skin/extras/icons/addon.png",
                "target": "pictures",
                "guid": "guid-71c746a6"
            }
        ],
        "widgets": [
            {
                "label": "Video Add-ons",
                "icon": "special://skin/extras/icons/addon.png",
                "path": "addons://sources/video/",
                "target": "videos",
                "widget_style": "Square",
                "guid": "guid-2dd6eada"
            },
            {
                "label": "Music Add-ons",
                "path": "addons://sources/audio/",
                "icon": "special://skin/extras/icons/addon.png",
                "target": "music",
                "widget_style": "Square",
                "guid": "guid-55b14501"
            },
            {
                "label": "Image Add-ons",
                "path": "addons://sources/image/",
                "icon": "special://skin/extras/icons/addon.png",
                "target": "pictures",
                "widget_style": "Square",
                "guid": "guid-83d8e1ba"
            }
        ]
    },
    {
        "label": "Titles",
        "path": "library://video/movies/titles.xml/",
        "icon": "special://skin/extras/icons/film.png",
        "target": "videos",
        "sidemenu_guid": "guid-488ad32f",
        "guid": "guid-1b97c171",
        "submenulist_label": "titles",
        "submenulist_path": "special://skin/extras/hub/movies/titles/",
        "submenulist_icon": "special://skin/extras/icons/folder.png",
        "submenulist_target": "videos",
        "use_as_widget": "True"
    },
    {
        "label": "Genres",
        "path": "library://video/movies/genres.xml/",
        "icon": "special://skin/extras/icons/genre.png",
        "target": "videos",
        "sidemenu_guid": "guid-488ad32f",
        "guid": "guid-23c15b76",
        "submenulist_label": "Genres",
        "submenulist_path": "library://video/movies/genres.xml/",
        "submenulist_icon": "special://skin/extras/icons/genre.png",
        "submenulist_target": "videos",
        "use_as_widget": "True"
    },
    {
        "label": "Years",
        "path": "library://video/movies/years.xml/",
        "icon": "special://skin/extras/icons/year.png",
        "target": "videos",
        "sidemenu_guid": "guid-488ad32f",
        "guid": "guid-9062fcd6",
        "submenulist_label": "Years",
        "submenulist_path": "library://video/movies/years.xml/",
        "submenulist_icon": "special://skin/extras/icons/year.png",
        "submenulist_target": "videos",
        "use_as_widget": "True"
    },
    {
        "label": "Studios",
        "path": "library://video/movies/studios.xml/",
        "icon": "special://skin/extras/icons/director.png",
        "target": "videos",
        "sidemenu_guid": "guid-488ad32f",
        "guid": "guid-7e902181",
        "submenulist_label": "Studios",
        "submenulist_path": "library://video/movies/studios.xml/",
        "submenulist_icon": "special://skin/extras/icons/director.png",
        "submenulist_target": "videos",
        "use_as_widget": "True"
    },
    {
        "label": "Titles",
        "path": "library://video/tvshows/titles.xml/",
        "icon": "special://skin/extras/icons/tv.png",
        "target": "videos",
        "sidemenu_guid": "guid-0a9df9a5",
        "guid": "guid-087e1cb2",
        "submenulist_label": "titles",
        "submenulist_path": "special://skin/extras/hub/tvshows/titles/",
        "submenulist_icon": "special://skin/extras/icons/folder.png",
        "submenulist_target": "videos",
        "use_as_widget": "True"
    },
    {
        "label": "Genres",
        "path": "library://video/tvshows/genres.xml/",
        "icon": "special://skin/extras/icons/genre.png",
        "target": "videos",
        "sidemenu_guid": "guid-0a9df9a5",
        "guid": "guid-6cbbd6aa",
        "submenulist_label": "Genres",
        "submenulist_path": "library://video/tvshows/genres.xml/",
        "submenulist_icon": "special://skin/extras/icons/genre.png",
        "submenulist_target": "videos",
        "use_as_widget": "True"
    },
    {
        "label": "Years",
        "path": "library://video/tvshows/years.xml/",
        "icon": "special://skin/extras/icons/year.png",
        "target": "videos",
        "sidemenu_guid": "guid-0a9df9a5",
        "guid": "guid-dda60a82",
        "submenulist_label": "Years",
        "submenulist_path": "library://video/tvshows/years.xml/",
        "submenulist_icon": "special://skin/extras/icons/year.png",
        "submenulist_target": "videos",
        "use_as_widget": "True"
    },
    {
        "label": "Studios",
        "path": "library://video/tvshows/studios.xml/",
        "icon": "special://skin/extras/icons/director.png",
        "target": "videos",
        "sidemenu_guid": "guid-0a9df9a5",
        "guid": "guid-5ee447c2",
        "submenulist_label": "Studios",
        "submenulist_path": "library://video/tvshows/studios.xml/",
        "submenulist_icon": "special://skin/extras/icons/director.png",
        "submenulist_target": "videos",
        "use_as_widget": "True"
    },
    {
        "label": "Artists",
        "path": "library://music/artists.xml/",
        "icon": "special://skin/extras/icons/artist.png",
        "target": "music",
        "sidemenu_guid": "guid-bfd91384",
        "guid": "guid-609b6cae",
        "submenulist_label": "Artists",
        "submenulist_path": "library://music/artists.xml/",
        "submenulist_icon": "special://skin/extras/icons/artist.png",
        "submenulist_target": "music",
        "use_as_widget": "True",
        "widget_style": "Square"
    },
    {
        "label": "Genres",
        "path": "library://music/genres.xml/",
        "icon": "special://skin/extras/icons/audiogenre.png",
        "target": "music",
        "sidemenu_guid": "guid-bfd91384",
        "guid": "guid-76b7e25c",
        "submenulist_label": "Genres",
        "submenulist_path": "library://music/genres.xml/",
        "submenulist_icon": "special://skin/extras/icons/audiogenre.png",
        "submenulist_target": "music",
        "use_as_widget": "True",
        "widget_style": "Square"
    },
    {
        "label": "Years",
        "path": "library://music/years.xml/",
        "icon": "special://skin/extras/icons/years.png",
        "target": "music",
        "sidemenu_guid": "guid-bfd91384",
        "guid": "guid-d7630462",
        "submenulist_label": "Years",
        "submenulist_path": "library://music/years.xml/",
        "submenulist_icon": "special://skin/extras/icons/years.png",
        "submenulist_target": "music",
        "use_as_widget": "True",
        "widget_style": "Square"
    },
    {
        "label": "Playlists",
        "path": "library://music/playlists.xml/",
        "icon": "special://skin/extras/icons/playlist.png",
        "target": "music",
        "sidemenu_guid": "guid-bfd91384",
        "guid": "guid-f0edb950",
        "submenulist_label": "Playlists",
        "submenulist_path": "library://music/playlists.xml/",
        "submenulist_icon": "special://skin/extras/icons/playlist.png",
        "submenulist_target": "music",
        "use_as_widget": "True",
        "widget_style": "Square"
    },
    {
        "label": "TV Channels",
        "path": "ActivateWindow(TVChannels)",
        "icon": "special://skin/extras/icons/livetv.png",
        "target": "",
        "sidemenu_guid": "guid-e79824eb",
        "guid": "guid-007f07ec",
        "use_as_widget": "True",
        "submenulist_label": "TV Groups",
        "submenulist_path": "pvr://channels/tv",
        "submenulist_icon": "DefaultAddonPVRClient.png",
        "submenulist_target": "tvchannels"
    },
    {
        "label": "TV Guide",
        "path": "ActivateWindow(TVGuide)",
        "icon": "special://skin/extras/icons/livetv.png",
        "target": "",
        "sidemenu_guid": "guid-e79824eb",
        "guid": "guid-7056d4ac",
        "use_as_widget": "True",
        "submenulist_label": "TV Groups",
        "submenulist_path": "pvr://channels/tv",
        "submenulist_icon": "DefaultAddonPVRClient.png",
        "submenulist_target": "tvguide"
    }
]