[
    {
        "icon": "special://skin/extras/icons/favourites2.png",
        "label": "$LOCALIZE[1036]",
        "path": "ActivateWindow(1160)",
        "target": "",
        "guid": "guid-6c6de149"
    },
    {
        "icon": "special://skin/extras/icons/filebox.png",
        "label": "$LOCALIZE[7]",
        "path": "ActivateWindow(filemanager)",
        "target": "",
        "guid": "guid-7e8f6517"
    },
    {
        "icon": "special://skin/extras/icons/address-card.png",
        "label": "$LOCALIZE[31359]",
        "path": "ActivateWindow(1195)",
        "target": "",
        "guid": "guid-97cb53b5"
    }
]