[
    {
        "label": "Movies",
        "icon": "special://skin/extras/icons/film.png",
        "path": "DefaultSearch-Movies",
        "target": "videos",
        "widget_style": "Poster",
        "guid": "guid-1f212247"
    },
    {
        "label": "TV Shows",
        "icon": "special://skin/extras/icons/tv.png",
        "path": "DefaultSearch-TvShows",
        "target": "videos",
        "widget_style": "Poster",
        "guid": "guid-aa72ddf0"
    },
    {
        "label": "Albums",
        "icon": "special://skin/extras/icons/songs.png",
        "path": "DefaultSearch-Albums",
        "target": "music",
        "widget_style": "Square",
        "guid": "guid-d9ac51f6"
    },
    {
        "label": "Artists",
        "icon": "special://skin/extras/icons/songs.png",
        "path": "DefaultSearch-Artists",
        "target": "music",
        "widget_style": "Square",
        "guid": "guid-147978e4"
    },
    {
        "label": "Movies (TMDb)",
        "icon": "special://skin/extras/icons/film.png",
        "path": "DefaultSearch-TMDBMovies",
        "target": "videos",
        "widget_style": "Poster",
        "guid": "guid-abe1d18f"
    },
    {
        "label": "TV Shows (TMDb)",
        "icon": "special://skin/extras/icons/tv.png",
        "path": "DefaultSearch-TMDBShows",
        "target": "videos",
        "widget_style": "Poster",
        "guid": "guid-cfd9d18c"
    }
]