[
    {
        "icon": "special://skin/extras/icons/settings.png",
        "label": "$LOCALIZE[5]",
        "path": "ActivateWindow(settings)",
        "target": "",
        "guid": "guid-8b9b72ee"
    },
    {
        "icon": "special://skin/extras/icons/update.png",
        "label": "$LOCALIZE[31364]",
        "path": "ReloadSkin()",
        "target": "",
        "guid": "guid-cd39c1b7"
    },
    {
        "icon": "special://skin/extras/icons/power.png",
        "label": "$LOCALIZE[13009]",
        "path": "Quit()",
        "target": "",
        "guid": "guid-c4f48a84"
    }
]