<decoderfilter>
    <filter>
        <name>OMX.ffmpeg.aac.decoder</name>
        <allowed>true</allowed>
        <stills-allowed>false</stills-allowed>
        <dvd-allowed>true</dvd-allowed>
        <min-height>0</min-height>
    </filter>
    <filter>
        <name>OMX.ffmpeg.ac3.decoder</name>
        <allowed>true</allowed>
        <stills-allowed>false</stills-allowed>
        <dvd-allowed>true</dvd-allowed>
        <min-height>0</min-height>
    </filter>
    <filter>
        <name>OMX.ffmpeg.alac.decoder</name>
        <allowed>true</allowed>
        <stills-allowed>false</stills-allowed>
        <dvd-allowed>true</dvd-allowed>
        <min-height>0</min-height>
    </filter>
    <filter>
        <name>OMX.ffmpeg.ape.decoder</name>
        <allowed>true</allowed>
        <stills-allowed>false</stills-allowed>
        <dvd-allowed>true</dvd-allowed>
        <min-height>0</min-height>
    </filter>
    <filter>
        <name>OMX.ffmpeg.atrial.decoder</name>
        <allowed>true</allowed>
        <stills-allowed>false</stills-allowed>
        <dvd-allowed>true</dvd-allowed>
        <min-height>0</min-height>
    </filter>
    <filter>
        <name>OMX.ffmpeg.divx.decoder</name>
        <allowed>true</allowed>
        <stills-allowed>false</stills-allowed>
        <dvd-allowed>true</dvd-allowed>
        <min-height>0</min-height>
    </filter>
    <filter>
        <name>OMX.ffmpeg.dts.decoder</name>
        <allowed>true</allowed>
        <stills-allowed>false</stills-allowed>
        <dvd-allowed>true</dvd-allowed>
        <min-height>0</min-height>
    </filter>
    <filter>
        <name>OMX.ffmpeg.flac.decoder</name>
        <allowed>true</allowed>
        <stills-allowed>false</stills-allowed>
        <dvd-allowed>true</dvd-allowed>
        <min-height>0</min-height>
    </filter>
    <filter>
        <name>OMX.ffmpeg.flv1.decoder</name>
        <allowed>true</allowed>
        <stills-allowed>false</stills-allowed>
        <dvd-allowed>true</dvd-allowed>
        <min-height>0</min-height>
    </filter>
    <filter>
        <name>OMX.ffmpeg.h263.decoder</name>
        <allowed>true</allowed>
        <stills-allowed>false</stills-allowed>
        <dvd-allowed>true</dvd-allowed>
        <min-height>720</min-height>
    </filter>
    <filter>
        <name>OMX.ffmpeg.h264.decoder</name>
        <allowed>true</allowed>
        <stills-allowed>false</stills-allowed>
        <dvd-allowed>true</dvd-allowed>
        <min-height>0</min-height>
    </filter>
    <filter>
        <name>OMX.ffmpeg.hevc.decoder</name>
        <allowed>true</allowed>
        <stills-allowed>false</stills-allowed>
        <dvd-allowed>true</dvd-allowed>
        <min-height>0</min-height>
    </filter>
    <filter>
        <name>OMX.ffmpeg.mp2.decoder</name>
        <allowed>true</allowed>
        <stills-allowed>false</stills-allowed>
        <dvd-allowed>true</dvd-allowed>
        <min-height>0</min-height>
    </filter>
    <filter>
        <name>OMX.ffmpeg.mp3.decoder</name>
        <allowed>true</allowed>
        <stills-allowed>false</stills-allowed>
        <dvd-allowed>true</dvd-allowed>
        <min-height>0</min-height>
    </filter>
    <filter>
        <name>OMX.ffmpeg.mpeg2.decoder</name>
        <allowed>true</allowed>
        <stills-allowed>false</stills-allowed>
        <dvd-allowed>true</dvd-allowed>
        <min-height>720</min-height>
    </filter>
    <filter>
        <name>OMX.ffmpeg.mpeg4.decoder</name>
        <allowed>true</allowed>
        <stills-allowed>false</stills-allowed>
        <dvd-allowed>true</dvd-allowed>
        <min-height>720</min-height>
    </filter>
    <filter>
        <name>OMX.ffmpeg.ra.decoder</name>
        <allowed>true</allowed>
        <stills-allowed>false</stills-allowed>
        <dvd-allowed>true</dvd-allowed>
        <min-height>0</min-height>
    </filter>
    <filter>
        <name>OMX.ffmpeg.rv.decoder</name>
        <allowed>true</allowed>
        <stills-allowed>false</stills-allowed>
        <dvd-allowed>true</dvd-allowed>
        <min-height>0</min-height>
    </filter>
    <filter>
        <name>OMX.ffmpeg.vc1.decoder</name>
        <allowed>true</allowed>
        <stills-allowed>false</stills-allowed>
        <dvd-allowed>true</dvd-allowed>
        <min-height>0</min-height>
    </filter>
    <filter>
        <name>OMX.ffmpeg.vorbis.decoder</name>
        <allowed>true</allowed>
        <stills-allowed>false</stills-allowed>
        <dvd-allowed>true</dvd-allowed>
        <min-height>0</min-height>
    </filter>
    <filter>
        <name>OMX.ffmpeg.vp8.decoder</name>
        <allowed>true</allowed>
        <stills-allowed>false</stills-allowed>
        <dvd-allowed>true</dvd-allowed>
        <min-height>0</min-height>
    </filter>
    <filter>
        <name>OMX.ffmpeg.vp9.decoder</name>
        <allowed>true</allowed>
        <stills-allowed>false</stills-allowed>
        <dvd-allowed>true</dvd-allowed>
        <min-height>0</min-height>
    </filter>
    <filter>
        <name>OMX.ffmpeg.vtrial.decoder</name>
        <allowed>true</allowed>
        <stills-allowed>false</stills-allowed>
        <dvd-allowed>true</dvd-allowed>
        <min-height>0</min-height>
    </filter>
    <filter>
        <name>OMX.ffmpeg.wma.decoder</name>
        <allowed>true</allowed>
        <stills-allowed>false</stills-allowed>
        <dvd-allowed>true</dvd-allowed>
        <min-height>0</min-height>
    </filter>
    <filter>
        <name>OMX.ffmpeg.wmv.decoder</name>
        <allowed>true</allowed>
        <stills-allowed>false</stills-allowed>
        <dvd-allowed>true</dvd-allowed>
        <min-height>0</min-height>
    </filter>
    <filter>
        <name>OMX.google.aac.decoder</name>
        <allowed>false</allowed>
        <stills-allowed>false</stills-allowed>
        <dvd-allowed>false</dvd-allowed>
        <min-height>0</min-height>
    </filter>
    <filter>
        <name>OMX.google.amrnb.decoder</name>
        <allowed>false</allowed>
        <stills-allowed>false</stills-allowed>
        <dvd-allowed>false</dvd-allowed>
        <min-height>0</min-height>
    </filter>
    <filter>
        <name>OMX.google.amrwb.decoder</name>
        <allowed>false</allowed>
        <stills-allowed>false</stills-allowed>
        <dvd-allowed>false</dvd-allowed>
        <min-height>0</min-height>
    </filter>
    <filter>
        <name>OMX.google.g711.alaw.decoder</name>
        <allowed>false</allowed>
        <stills-allowed>false</stills-allowed>
        <dvd-allowed>false</dvd-allowed>
        <min-height>0</min-height>
    </filter>
    <filter>
        <name>OMX.google.g711.mlaw.decoder</name>
        <allowed>false</allowed>
        <stills-allowed>false</stills-allowed>
        <dvd-allowed>false</dvd-allowed>
        <min-height>0</min-height>
    </filter>
    <filter>
        <name>OMX.google.h263.decoder</name>
        <allowed>false</allowed>
        <stills-allowed>false</stills-allowed>
        <dvd-allowed>false</dvd-allowed>
        <min-height>720</min-height>
    </filter>
    <filter>
        <name>OMX.google.h264.decoder</name>
        <allowed>false</allowed>
        <stills-allowed>false</stills-allowed>
        <dvd-allowed>false</dvd-allowed>
        <min-height>0</min-height>
    </filter>
    <filter>
        <name>OMX.google.hevc.decoder</name>
        <allowed>false</allowed>
        <stills-allowed>false</stills-allowed>
        <dvd-allowed>false</dvd-allowed>
        <min-height>0</min-height>
    </filter>
    <filter>
        <name>OMX.google.mp3.decoder</name>
        <allowed>false</allowed>
        <stills-allowed>false</stills-allowed>
        <dvd-allowed>false</dvd-allowed>
        <min-height>0</min-height>
    </filter>
    <filter>
        <name>OMX.google.mpeg4.decoder</name>
        <allowed>false</allowed>
        <stills-allowed>false</stills-allowed>
        <dvd-allowed>false</dvd-allowed>
        <min-height>720</min-height>
    </filter>
    <filter>
        <name>OMX.google.opus.decoder</name>
        <allowed>false</allowed>
        <stills-allowed>false</stills-allowed>
        <dvd-allowed>false</dvd-allowed>
        <min-height>0</min-height>
    </filter>
    <filter>
        <name>OMX.google.raw.decoder</name>
        <allowed>false</allowed>
        <stills-allowed>false</stills-allowed>
        <dvd-allowed>false</dvd-allowed>
        <min-height>0</min-height>
    </filter>
    <filter>
        <name>OMX.google.vorbis.decoder</name>
        <allowed>false</allowed>
        <stills-allowed>false</stills-allowed>
        <dvd-allowed>false</dvd-allowed>
        <min-height>0</min-height>
    </filter>
    <filter>
        <name>OMX.google.vp8.decoder</name>
        <allowed>false</allowed>
        <stills-allowed>false</stills-allowed>
        <dvd-allowed>false</dvd-allowed>
        <min-height>0</min-height>
    </filter>
    <filter>
        <name>OMX.google.vp9.decoder</name>
        <allowed>false</allowed>
        <stills-allowed>false</stills-allowed>
        <dvd-allowed>false</dvd-allowed>
        <min-height>0</min-height>
    </filter>
    <filter>
        <name>OMX.qcom.video.decoder.avc</name>
        <allowed>true</allowed>
        <stills-allowed>false</stills-allowed>
        <dvd-allowed>true</dvd-allowed>
        <min-height>0</min-height>
    </filter>
</decoderfilter>
